{
    "loss": 1.8152824640274048,
    "accuracy": 0.7464309930801392
}